{
  "lang":"en",
  "name":"pipeline",
  "version":"0.0.0",
  "spacy_version":">=3.5.2,<3.6.0",
  "description":"",
  "author":"",
  "email":"",
  "url":"",
  "license":"",
  "spacy_git_version":"aea4a96f9",
  "vectors":{
    "width":0,
    "vectors":0,
    "keys":0,
    "name":null,
    "mode":"default"
  },
  "labels":{
    "textcat":[
      "BAD_HABITS",
      "EDUCATION",
      "ENTERTAINMENT",
      "FOOD",
      "HEALTH",
      "HOUSE",
      "OTHER",
      "PERSONAL",
      "PET",
      "SUBSCRIPTIONS",
      "VEHICLE"
    ]
  },
  "pipeline":[
    "textcat"
  ],
  "components":[
    "textcat"
  ],
  "disabled":[

  ],
  "performance":{
    "cats_score":0.561480737,
    "cats_score_desc":"macro F",
    "cats_micro_p":0.5971223022,
    "cats_micro_r":0.5971223022,
    "cats_micro_f":0.5971223022,
    "cats_macro_p":0.7322242916,
    "cats_macro_r":0.5057003602,
    "cats_macro_f":0.561480737,
    "cats_macro_auc":0.8363527661,
    "cats_f_per_type":{
      "BAD_HABITS":{
        "p":0.9545454545,
        "r":0.7777777778,
        "f":0.8571428571
      },
      "EDUCATION":{
        "p":1.0,
        "r":0.5,
        "f":0.6666666667
      },
      "ENTERTAINMENT":{
        "p":1.0,
        "r":0.5,
        "f":0.6666666667
      },
      "FOOD":{
        "p":0.3943661972,
        "r":0.9333333333,
        "f":0.5544554455
      },
      "HEALTH":{
        "p":0.25,
        "r":0.2,
        "f":0.2222222222
      },
      "HOUSE":{
        "p":0.2,
        "r":0.0909090909,
        "f":0.125
      },
      "OTHER":{
        "p":0.7,
        "r":0.5384615385,
        "f":0.6086956522
      },
      "PERSONAL":{
        "p":0.6666666667,
        "r":0.2222222222,
        "f":0.3333333333
      },
      "PET":{
        "p":0.8888888889,
        "r":0.8,
        "f":0.8421052632
      },
      "SUBSCRIPTIONS":{
        "p":1.0,
        "r":0.6666666667,
        "f":0.8
      },
      "VEHICLE":{
        "p":1.0,
        "r":0.3333333333,
        "f":0.5
      }
    },
    "textcat_loss":0.0805914877
  }
}